{"id":101, "date":"11/13/2014", "store":100, "state":"WA", "product":331, "amount":300.00}
{"id":104, "date":"11/18/2014", "store":700, "state":"OR", "product":329, "amount":450.00}
{"id":102, "date":"11/15/2014", "store":203, "state":"CA", "product":321, "amount":200.00}
{"id":106, "date":"11/19/2014", "store":202, "state":"CA", "product":331, "amount":330.00}
{"id":103, "date":"11/17/2014", "store":101, "state":"WA", "product":373, "amount":750.00}
{"id":105, "date":"11/19/2014", "store":202, "state":"CA", "product":321, "amount":200.00}